Sequence,Support,Relative Frequency
{malo},7,0.7777777777777778
{srednje},8,0.8888888888888888
{VRTEC},9,1.0
"{VRTEC, srednje}",8,0.8888888888888888
"{VRTEC, malo}",7,0.7777777777777778
