Sequence,Support,Relative Frequency
{VRTEC},8,0.8888888888888888
{srednje},8,0.8888888888888888
"{VRTEC, srednje}",8,0.8888888888888888
