Sequence,Support,Relative Frequency
{Sum na oku탑bo},12,1.0
{Oku탑ba s Covid-19},11,0.9166666666666666
{VRTEC},11,0.9166666666666666
{srednje},12,1.0
"{Sum na oku탑bo, srednje}",11,0.9166666666666666
"{VRTEC, srednje}",11,0.9166666666666666
"{srednje}, {srednje}",11,0.9166666666666666
"{Oku탑ba s Covid-19, srednje}",11,0.9166666666666666
