Sequence,Support,Relative Frequency
{Sum na oku탑bo},89,0.3803418803418803
{srednje trajanje},166,0.7094017094017094
{Drugi delavci},71,0.3034188034188034
{Oku탑ba s Covid-19},145,0.6196581196581197
"{Oku탑ba s Covid-19}, {srednje trajanje}",104,0.4444444444444444
"{srednje trajanje}, {Oku탑ba s Covid-19}",104,0.4444444444444444
