Sequence,Support,Relative Frequency
{kratko trajanje},66,0.3113207547169811
{Učitelj},108,0.5094339622641509
{srednje trajanje},131,0.6179245283018868
{Sum na okužbo},145,0.6839622641509434
{Okužba s Covid-19},67,0.3160377358490566
"{srednje trajanje}, {Sum na okužbo}",83,0.3915094339622642
"{Učitelj}, {Sum na okužbo}",74,0.3490566037735849
"{Sum na okužbo}, {Učitelj}",74,0.3490566037735849
"{Sum na okužbo}, {srednje trajanje}",83,0.3915094339622642
