Sequence,Support,Relative Frequency
{Sum na okužbo},160,0.3883495145631068
{Učitelj},137,0.3325242718446602
{srednje trajanje},267,0.6480582524271845
{Okužba s Covid-19},252,0.6116504854368932
"{Okužba s Covid-19}, {srednje trajanje}",160,0.3883495145631068
"{srednje trajanje}, {Okužba s Covid-19}",160,0.3883495145631068
