Sequence,Support,Relative Frequency
{Sum na okužbo},199,0.45642201834862384
{Učitelj},156,0.3577981651376147
{srednje trajanje},257,0.5894495412844036
{Okužba s Covid-19},237,0.5435779816513762
"{Okužba s Covid-19}, {srednje trajanje}",146,0.3348623853211009
"{srednje trajanje}, {Okužba s Covid-19}",146,0.3348623853211009
