Sequence,Support,Relative Frequency
{Sum na oku탑bo},66,0.3905325443786982
{srednje trajanje},136,0.8047337278106509
{Vzgojitelj},51,0.30177514792899407
{Oku탑ba s Covid-19},103,0.6094674556213018
"{Oku탑ba s Covid-19}, {srednje trajanje}",87,0.514792899408284
"{srednje trajanje}, {Oku탑ba s Covid-19}",87,0.514792899408284
