Sequence,Support,Relative Frequency
{Sum na okužbo},170,0.5647840531561462
{Učitelj},151,0.5016611295681063
{srednje trajanje},166,0.5514950166112956
{Okužba s Covid-19},131,0.43521594684385384
"{srednje trajanje}, {Sum na okužbo}",93,0.3089700996677741
"{Sum na okužbo}, {srednje trajanje}",93,0.3089700996677741
