Sequence,Support,Relative Frequency
{Sum na okužbo},115,0.4197080291970803
{Učitelj},93,0.33941605839416056
{srednje trajanje},197,0.718978102189781
{Okužba s Covid-19},159,0.5802919708029197
"{Okužba s Covid-19}, {srednje trajanje}",119,0.4343065693430657
"{srednje trajanje}, {Okužba s Covid-19}",119,0.4343065693430657
