Sequence,Support,Relative Frequency
{Sum na okužbo},98,0.3888888888888889
{Učitelj},92,0.36507936507936506
{srednje trajanje},199,0.7896825396825397
{Okužba s Covid-19},154,0.6111111111111112
"{Okužba s Covid-19}, {srednje trajanje}",127,0.503968253968254
"{srednje trajanje}, {Okužba s Covid-19}",127,0.503968253968254
