Sequence,Support,Relative Frequency
{srednje},12,1.0
{Sum na okužbo},10,0.8333333333333334
{Okužba s Covid-19},11,0.9166666666666666
{Vzgojitelj},10,0.8333333333333334
{Drugi delavci},11,0.9166666666666666
"{Drugi delavci}, {srednje}",10,0.8333333333333334
"{Okužba s Covid-19}, {srednje}",11,0.9166666666666666
