Sequence,Support,Relative Frequency
{Sum na okužbo},122,0.37538461538461537
{Učitelj},100,0.3076923076923077
{srednje trajanje},249,0.7661538461538462
{Okužba s Covid-19},203,0.6246153846153846
"{Okužba s Covid-19}, {srednje trajanje}",153,0.4707692307692308
"{srednje trajanje}, {Okužba s Covid-19}",153,0.4707692307692308
