Sequence,Support,Relative Frequency
{Sum na okužbo},100,0.4291845493562232
{Učitelj},93,0.39914163090128757
{srednje trajanje},188,0.8068669527896996
{Okužba s Covid-19},133,0.5708154506437768
"{srednje trajanje}, {Sum na okužbo}",76,0.3261802575107296
"{Okužba s Covid-19}, {srednje trajanje}",112,0.48068669527896996
"{srednje trajanje}, {Okužba s Covid-19}",112,0.48068669527896996
"{Sum na okužbo}, {srednje trajanje}",76,0.3261802575107296
