Sequence,Support,Relative Frequency
{Sum na okužbo},83,0.3789954337899543
{Učitelj},91,0.4155251141552511
{srednje trajanje},172,0.7853881278538812
{Okužba s Covid-19},136,0.6210045662100456
"{Okužba s Covid-19}, {srednje trajanje}",112,0.5114155251141552
"{srednje trajanje}, {Okužba s Covid-19}",112,0.5114155251141552
