Sequence,Support,Relative Frequency
{srednje},11,0.9166666666666666
{Oku탑ba s Covid-19},11,0.9166666666666666
{Vzgojitelj},10,0.8333333333333334
{U훾itelj},11,0.9166666666666666
"{U훾itelj}, {srednje}",10,0.8333333333333334
"{Oku탑ba s Covid-19}, {srednje}",10,0.8333333333333334
