Sequence,Support,Relative Frequency
{Sum na okužbo},74,0.4157303370786517
{Učitelj},71,0.398876404494382
{srednje trajanje},130,0.7303370786516854
{Okužba s Covid-19},104,0.5842696629213483
"{Okužba s Covid-19}, {srednje trajanje}",78,0.43820224719101125
"{srednje trajanje}, {Okužba s Covid-19}",78,0.43820224719101125
