Sequence,Support,Relative Frequency
{Sum na okužbo},171,0.47368421052631576
{Učitelj},148,0.4099722991689751
{srednje trajanje},268,0.7423822714681441
{Okužba s Covid-19},190,0.5263157894736842
"{srednje trajanje}, {Sum na okužbo}",109,0.30193905817174516
"{Okužba s Covid-19}, {srednje trajanje}",159,0.4404432132963989
"{srednje trajanje}, {Okužba s Covid-19}",159,0.4404432132963989
"{Sum na okužbo}, {srednje trajanje}",109,0.30193905817174516
