Sequence,Support,Relative Frequency
{Okužba s Covid-19},11,0.9166666666666666
{Učitelj},11,0.9166666666666666
{srednje},11,0.9166666666666666
