Sequence,Support,Relative Frequency
{srednje},11,0.9166666666666666
{Okužba s Covid-19},10,0.8333333333333334
{Vzgojitelj},10,0.8333333333333334
{Učitelj},10,0.8333333333333334
