Sequence,Support,Relative Frequency
{kratko trajanje},157,0.39746835443037976
{srednje trajanje},206,0.5215189873417722
{Sum na okužbo},263,0.6658227848101266
{OSNOVNA ŠOLA},183,0.46329113924050636
{Okužba s Covid-19},132,0.3341772151898734
"{Sum na okužbo}, {srednje trajanje}",145,0.3670886075949367
"{srednje trajanje}, {Sum na okužbo}",145,0.3670886075949367
"{OSNOVNA ŠOLA}, {Sum na okužbo}",120,0.3037974683544304
"{Sum na okužbo}, {OSNOVNA ŠOLA}",120,0.3037974683544304
