Sequence,Support,Relative Frequency
{srednje},8,0.8888888888888888
{VRTEC},7,0.7777777777777778
{Sum na okužbo},9,1.0
{OSTALO},8,0.8888888888888888
"{Sum na okužbo}, {srednje}",8,0.8888888888888888
"{VRTEC}, {srednje}",7,0.7777777777777778
